-- phpMyAdmin SQL Dump
-- version 4.5.1
-- http://www.phpmyadmin.net
--
-- Host: 127.0.0.1
-- Generation Time: Sep 22, 2019 at 09:54 AM
-- Server version: 10.1.19-MariaDB
-- PHP Version: 5.5.38

SET SQL_MODE = "NO_AUTO_VALUE_ON_ZERO";
SET time_zone = "+00:00";


/*!40101 SET @OLD_CHARACTER_SET_CLIENT=@@CHARACTER_SET_CLIENT */;
/*!40101 SET @OLD_CHARACTER_SET_RESULTS=@@CHARACTER_SET_RESULTS */;
/*!40101 SET @OLD_COLLATION_CONNECTION=@@COLLATION_CONNECTION */;
/*!40101 SET NAMES utf8mb4 */;

--
-- Database: `body-therapy`
--

-- --------------------------------------------------------

--
-- Table structure for table `admin`
--

CREATE TABLE `admin` (
  `id` int(11) NOT NULL,
  `file` varchar(300) NOT NULL,
  `username` varchar(50) NOT NULL,
  `password` varchar(50) DEFAULT NULL,
  `email` varchar(50) NOT NULL,
  `phone` varchar(50) NOT NULL,
  `adminType` int(11) NOT NULL,
  `isDeleted` int(10) NOT NULL
) ENGINE=InnoDB DEFAULT CHARSET=utf8;

--
-- Dumping data for table `admin`
--

INSERT INTO `admin` (`id`, `file`, `username`, `password`, `email`, `phone`, `adminType`, `isDeleted`) VALUES
(2, 'bcpo2aq1_7unl916c.jpg', 'super_admin', 'ff6dafbb69f31f7028329373749a5799', 'test@gmail.com', '1234567890', 1, 0),
(3, 'jhwgfzcu_w9jqhilc.jpg', 'admin', 'cea1442904b258e6022bd5c35e5af7ad', 'admin@gmail.com', '1234567980', 2, 0);

-- --------------------------------------------------------

--
-- Table structure for table `admin_group`
--

CREATE TABLE `admin_group` (
  `id` int(11) NOT NULL,
  `name` varchar(100) NOT NULL,
  `permission` text NOT NULL,
  `isDeleted` int(10) NOT NULL
) ENGINE=InnoDB DEFAULT CHARSET=utf8;

--
-- Dumping data for table `admin_group`
--

INSERT INTO `admin_group` (`id`, `name`, `permission`, `isDeleted`) VALUES
(1, 'Super Admin', '2,1,26,14', 0),
(2, 'Admin', '26,14', 0);

-- --------------------------------------------------------

--
-- Table structure for table `admin_login`
--

CREATE TABLE `admin_login` (
  `id` int(11) NOT NULL,
  `username` varchar(50) NOT NULL,
  `email` varchar(50) NOT NULL,
  `ipAddress` varchar(50) NOT NULL,
  `sessid` varchar(50) NOT NULL,
  `dateTime` timestamp NOT NULL DEFAULT CURRENT_TIMESTAMP ON UPDATE CURRENT_TIMESTAMP
) ENGINE=InnoDB DEFAULT CHARSET=utf8;

--
-- Dumping data for table `admin_login`
--

INSERT INTO `admin_login` (`id`, `username`, `email`, `ipAddress`, `sessid`, `dateTime`) VALUES
(1, 'admin', 'admin@gmail.com', '::1', 'tkcbuvfuhqemegkh5nbfjlfd6t', '2019-09-19 14:49:05'),
(2, 'admin', 'admin@gmail.com', '::1', 'e9h295me39trjsorgk22q3scha', '2019-09-19 14:49:28'),
(3, 'admin', 'admin@gmail.com', '::1', 'uahs6v48qpkoobnjpn3p8u8jn5', '2019-09-19 14:49:57'),
(4, 'admin', 'admin@gmail.com', '::1', 'jnoornq6ud6ageifiq90pbd59h', '2019-09-19 14:51:19'),
(5, 'admin', 'admin@gmail.com', '::1', 'q0klljbtvpo21cnoubjsogodmt', '2019-09-19 14:52:56'),
(6, 'admin', 'admin@gmail.com', '::1', '7734fu8je9uglhvb3qafrlpl1v', '2019-09-19 14:53:52'),
(7, 'admin', 'admin@gmail.com', '::1', 'e3dqm45c721j0dm7i4lrcni4le', '2019-09-19 16:59:18'),
(8, 'admin', 'admin@gmail.com', '::1', 'r7q2q45un2dbluspjltgh4062p', '2019-09-19 17:43:10'),
(9, 'admin', 'admin@gmail.com', '::1', 'l977gdn8pprbusve2tgol7u4bm', '2019-09-20 14:42:20'),
(10, 'admin', 'admin@gmail.com', '::1', '4trbjhedmfqp1cpiijiir22q2g', '2019-09-21 17:51:44'),
(11, 'super_admin', 'test@gmail.com', '::1', 'q9rm5uf32b09q3p6ehq4c6fl44', '2019-09-21 17:57:42'),
(12, 'admin', 'admin@gmail.com', '::1', 'nkt5n83td7krdu6hqi6ibueu5n', '2019-09-21 17:58:56');

-- --------------------------------------------------------

--
-- Table structure for table `backend_links`
--

CREATE TABLE `backend_links` (
  `id` int(11) NOT NULL,
  `type` varchar(100) NOT NULL,
  `parentLink` varchar(100) NOT NULL,
  `links` varchar(200) NOT NULL,
  `onlyEdit` int(10) NOT NULL
) ENGINE=InnoDB DEFAULT CHARSET=utf8;

--
-- Dumping data for table `backend_links`
--

INSERT INTO `backend_links` (`id`, `type`, `parentLink`, `links`, `onlyEdit`) VALUES
(1, 'CRM', 'users', 'users_group', 0),
(2, 'CRM', 'users', 'users', 0),
(14, 'CMS', 'Customers', 'customers', 1),
(26, 'CMS', 'Bookings', 'bookings', 1);

-- --------------------------------------------------------

--
-- Table structure for table `booked_appointment`
--

CREATE TABLE `booked_appointment` (
  `bid` int(11) NOT NULL,
  `bookby` int(11) NOT NULL,
  `bookslotstart` varchar(255) NOT NULL,
  `bookslotend` varchar(255) NOT NULL,
  `bookedslot_date` date NOT NULL,
  `bookbyname` varchar(255) CHARACTER SET latin1 NOT NULL,
  `bookbyemail` varchar(255) CHARACTER SET latin1 NOT NULL,
  `bookbymobile` varchar(255) CHARACTER SET latin1 NOT NULL,
  `bookfor_name` varchar(255) NOT NULL,
  `bookfor_email` varchar(255) NOT NULL,
  `bookfor_mobile` varchar(255) NOT NULL,
  `bookby_patient_for` int(11) NOT NULL,
  `bookby_patient_by` int(11) NOT NULL,
  `drbookedid` int(11) NOT NULL,
  `drbookedname` varchar(255) CHARACTER SET latin1 NOT NULL,
  `drbookedemail` varchar(255) CHARACTER SET latin1 NOT NULL,
  `drbookedphone` varchar(255) NOT NULL,
  `drbookedmobile` varchar(255) NOT NULL,
  `consulation_fee` varchar(255) NOT NULL,
  `book_type` varchar(1000) NOT NULL,
  `consulation_firstfee` varchar(255) NOT NULL,
  `consulation_day` varchar(255) NOT NULL,
  `consulation_number` varchar(255) NOT NULL,
  `clinic_typeid` varchar(255) NOT NULL,
  `consult_type` varchar(255) NOT NULL,
  `statusbooked` int(11) NOT NULL DEFAULT '0',
  `countcheck_appointment` int(11) NOT NULL DEFAULT '1',
  `appointment_contact_type` varchar(50) NOT NULL,
  `contact_no_or_id` varchar(50) NOT NULL,
  `appointmentdate` datetime NOT NULL
) ENGINE=InnoDB DEFAULT CHARSET=utf8;

--
-- Dumping data for table `booked_appointment`
--

INSERT INTO `booked_appointment` (`bid`, `bookby`, `bookslotstart`, `bookslotend`, `bookedslot_date`, `bookbyname`, `bookbyemail`, `bookbymobile`, `bookfor_name`, `bookfor_email`, `bookfor_mobile`, `bookby_patient_for`, `bookby_patient_by`, `drbookedid`, `drbookedname`, `drbookedemail`, `drbookedphone`, `drbookedmobile`, `consulation_fee`, `book_type`, `consulation_firstfee`, `consulation_day`, `consulation_number`, `clinic_typeid`, `consult_type`, `statusbooked`, `countcheck_appointment`, `appointment_contact_type`, `contact_no_or_id`, `appointmentdate`) VALUES
(1, 1, '09:00', '09:30', '2019-09-24', 'Amandeep Madan', 'amandeep.madaan@outlook.com', '9417293066', 'Amandeep Madan', 'amandeep.madaan@outlook.com', '+919417293066', 1, 0, 18, 'Dr. Amandeep  Madan', 'amandeep.madaan@outlook.in', '253253', '9417293066,', '50', 'Cup therpy', '700', '15', '15', '33', '4', 1, 1, '', '', '2019-09-21 11:19:49'),
(2, 1, '09:30', '10:00', '2019-09-24', 'Amandeep Madan', 'amandeep.madaan@outlook.com', '9417293066', 'Amandeep Madan', 'amandeep.madaan@outlook.com', '+919417293066', 1, 0, 18, 'Dr. Amandeep  Madan', 'amandeep.madaan@outlook.in', '253253', '9417293066,', '75', 'Deep Tissue therpy', '700', '15', '15', '33', '4', 1, 1, '', '', '2019-09-21 11:20:08'),
(3, 1, '10:00', '10:30', '2019-09-24', 'Amandeep Madan', 'amandeep.madaan@outlook.com', '9417293066', 'Amandeep Madan', 'amandeep.madaan@outlook.com', '+919417293066', 1, 0, 18, 'Dr. Amandeep  Madan', 'amandeep.madaan@outlook.in', '253253', '9417293066,', '50', 'Cup therpy', '700', '15', '15', '33', '4', 1, 1, '', '', '2019-09-22 12:11:12'),
(4, 5, '12:30', '13:00', '2019-09-23', 'demo demo', 'demo@demo.com', '9878809005', 'demo demo', 'demo@demo.com', '+919878809005', 5, 0, 18, 'Mr. Amandeep  Madan', 'amandeep.madaan@outlook.in', '253253', '9417293066,', '75', 'Deep Tissue therpy', '700', '15', '15', '33', '4', 1, 1, '', '', '2019-09-22 01:21:44');

-- --------------------------------------------------------

--
-- Table structure for table `customers`
--

CREATE TABLE `customers` (
  `id` int(11) NOT NULL,
  `firstname` varchar(300) NOT NULL,
  `lastname` varchar(300) NOT NULL,
  `email` text NOT NULL,
  `countryCode` varchar(200) NOT NULL,
  `mobile` varchar(20) NOT NULL,
  `address` text NOT NULL,
  `password` varchar(1000) NOT NULL,
  `publish` int(10) NOT NULL
) ENGINE=InnoDB DEFAULT CHARSET=latin1;

--
-- Dumping data for table `customers`
--

INSERT INTO `customers` (`id`, `firstname`, `lastname`, `email`, `countryCode`, `mobile`, `address`, `password`, `publish`) VALUES
(5, 'demo', 'demo', 'demo@demo.com', '+91', '9878809005', 'LDH', 'fe01ce2a7fbac8fafaed7c982a04e229', 0);

-- --------------------------------------------------------

--
-- Table structure for table `dateslot_detail`
--

CREATE TABLE `dateslot_detail` (
  `id` int(11) NOT NULL,
  `docterid` int(11) NOT NULL,
  `slotdayid` int(11) NOT NULL,
  `sloat_date` varchar(255) NOT NULL,
  `slotclinic_id` int(11) NOT NULL,
  `slotstartfrom` varchar(255) NOT NULL,
  `slotendto` varchar(255) NOT NULL,
  `slotinfotype` int(11) NOT NULL,
  `slot_booked` int(11) NOT NULL
) ENGINE=InnoDB DEFAULT CHARSET=latin1;

--
-- Dumping data for table `dateslot_detail`
--

INSERT INTO `dateslot_detail` (`id`, `docterid`, `slotdayid`, `sloat_date`, `slotclinic_id`, `slotstartfrom`, `slotendto`, `slotinfotype`, `slot_booked`) VALUES
(295, 18, 3, '2019-04-17', 33, '09:00', '09:10', 3, 0),
(296, 18, 3, '2019-04-17', 33, '09:10', '09:20', 3, 0),
(297, 18, 3, '2019-04-17', 33, '09:20', '09:30', 3, 0),
(298, 18, 3, '2019-04-17', 33, '09:30', '09:40', 3, 0),
(299, 18, 3, '2019-04-17', 33, '09:40', '09:50', 3, 0),
(300, 18, 3, '2019-04-17', 33, '09:50', '10:00', 3, 0),
(301, 18, 3, '2019-04-17', 33, '10:00', '10:10', 3, 0),
(302, 18, 3, '2019-04-17', 33, '10:10', '10:20', 3, 0),
(303, 18, 3, '2019-04-17', 33, '10:20', '10:30', 3, 0),
(304, 18, 3, '2019-04-17', 33, '10:30', '10:40', 3, 0),
(305, 18, 3, '2019-04-17', 33, '10:40', '10:50', 3, 0),
(306, 18, 3, '2019-04-17', 33, '10:50', '11:00', 3, 0),
(307, 18, 3, '2019-04-17', 33, '11:00', '11:10', 3, 0),
(308, 18, 3, '2019-04-17', 33, '11:10', '11:20', 3, 0),
(309, 18, 3, '2019-04-17', 33, '11:20', '11:30', 3, 0),
(310, 18, 3, '2019-04-17', 33, '12:30', '12:40', 3, 0),
(311, 18, 3, '2019-04-17', 33, '12:40', '12:50', 3, 0),
(312, 18, 3, '2019-04-17', 33, '12:50', '13:00', 3, 0),
(313, 18, 3, '2019-04-17', 33, '13:00', '13:10', 3, 0),
(314, 18, 3, '2019-04-17', 33, '13:10', '13:20', 3, 0),
(315, 18, 3, '2019-04-17', 33, '13:20', '13:30', 3, 0),
(316, 18, 3, '2019-04-17', 33, '13:30', '13:40', 3, 0),
(317, 18, 3, '2019-04-17', 33, '13:40', '13:50', 3, 0),
(318, 18, 3, '2019-04-17', 33, '13:50', '14:00', 3, 0),
(319, 18, 3, '2019-04-17', 33, '14:00', '14:10', 3, 0),
(320, 18, 3, '2019-04-17', 33, '14:10', '14:20', 3, 0),
(321, 18, 3, '2019-04-17', 33, '14:20', '14:30', 3, 0),
(322, 18, 3, '2019-04-17', 33, '18:30', '18:40', 3, 0),
(323, 18, 3, '2019-04-17', 33, '18:40', '18:50', 3, 0),
(324, 18, 3, '2019-04-17', 33, '18:50', '19:00', 3, 0),
(325, 18, 3, '2019-04-17', 33, '19:00', '19:10', 3, 0),
(326, 18, 3, '2019-04-17', 33, '19:10', '19:20', 3, 0),
(327, 18, 3, '2019-04-17', 33, '19:20', '19:30', 3, 0),
(328, 18, 3, '2019-04-17', 33, '19:30', '19:40', 3, 0),
(329, 18, 3, '2019-04-17', 33, '19:40', '19:50', 3, 0),
(330, 18, 3, '2019-04-17', 33, '19:50', '20:00', 3, 0),
(331, 18, 3, '2019-04-17', 33, '20:00', '20:10', 3, 0),
(332, 18, 3, '2019-04-17', 33, '20:10', '20:20', 3, 0),
(333, 18, 3, '2019-04-17', 33, '20:20', '20:30', 3, 0),
(334, 18, 4, '2019-07-11', 33, '09:00', '09:10', 3, 1),
(335, 18, 4, '2019-07-11', 33, '09:10', '09:20', 3, 0),
(336, 18, 4, '2019-07-11', 33, '09:20', '09:30', 3, 0),
(337, 18, 4, '2019-07-11', 33, '09:30', '09:40', 4, 0),
(338, 18, 4, '2019-07-11', 33, '09:40', '09:50', 4, 0),
(339, 18, 4, '2019-07-11', 33, '09:50', '10:00', 4, 0),
(340, 18, 4, '2019-07-11', 33, '10:00', '10:10', 4, 0),
(341, 18, 4, '2019-07-11', 33, '10:10', '10:20', 4, 0),
(342, 18, 4, '2019-07-11', 33, '10:20', '10:30', 4, 0),
(343, 18, 4, '2019-07-11', 33, '10:30', '10:40', 2, 1),
(344, 18, 4, '2019-07-11', 33, '10:40', '10:50', 3, 0),
(345, 18, 4, '2019-07-11', 33, '10:50', '11:00', 4, 0),
(346, 18, 4, '2019-07-11', 33, '11:00', '11:10', 4, 0),
(347, 18, 4, '2019-07-11', 33, '11:10', '11:20', 4, 0),
(348, 18, 4, '2019-07-11', 33, '11:20', '11:30', 4, 0),
(349, 18, 4, '2019-07-11', 33, '12:30', '12:40', 4, 0),
(350, 18, 4, '2019-07-11', 33, '12:40', '12:50', 4, 0),
(351, 18, 4, '2019-07-11', 33, '12:50', '13:00', 4, 0),
(352, 18, 4, '2019-07-11', 33, '13:00', '13:10', 4, 0),
(353, 18, 4, '2019-07-11', 33, '13:10', '13:20', 4, 0),
(354, 18, 4, '2019-07-11', 33, '13:20', '13:30', 4, 0),
(355, 18, 4, '2019-07-11', 33, '13:30', '13:40', 4, 0),
(356, 18, 4, '2019-07-11', 33, '13:40', '13:50', 4, 0),
(357, 18, 4, '2019-07-11', 33, '13:50', '14:00', 4, 0),
(358, 18, 4, '2019-07-11', 33, '14:00', '14:10', 4, 0),
(359, 18, 4, '2019-07-11', 33, '14:10', '14:20', 4, 0),
(360, 18, 4, '2019-07-11', 33, '14:20', '14:30', 4, 0),
(361, 18, 4, '2019-07-11', 33, '18:30', '18:40', 4, 0),
(362, 18, 4, '2019-07-11', 33, '18:40', '18:50', 4, 0),
(363, 18, 4, '2019-07-11', 33, '18:50', '19:00', 4, 0),
(364, 18, 4, '2019-07-11', 33, '19:00', '19:10', 4, 0),
(365, 18, 4, '2019-07-11', 33, '19:10', '19:20', 4, 0),
(366, 18, 4, '2019-07-11', 33, '19:20', '19:30', 4, 0),
(367, 18, 4, '2019-07-11', 33, '19:30', '19:40', 4, 0),
(368, 18, 4, '2019-07-11', 33, '19:40', '19:50', 4, 0),
(369, 18, 4, '2019-07-11', 33, '19:50', '20:00', 4, 0),
(370, 18, 4, '2019-07-11', 33, '20:00', '20:10', 4, 0),
(371, 18, 4, '2019-07-11', 33, '20:10', '20:20', 4, 0),
(372, 18, 4, '2019-07-11', 33, '20:20', '20:30', 4, 0),
(373, 18, 4, '2019-07-11', 33, '09:00', '09:10', 3, 0),
(374, 18, 4, '2019-07-11', 33, '09:10', '09:20', 3, 0),
(375, 18, 4, '2019-07-11', 33, '09:20', '09:30', 3, 0),
(376, 18, 4, '2019-07-11', 33, '09:30', '09:40', 4, 0),
(377, 18, 4, '2019-07-11', 33, '09:40', '09:50', 3, 0),
(378, 18, 4, '2019-07-11', 33, '09:50', '10:00', 4, 0),
(379, 18, 4, '2019-07-11', 33, '10:00', '10:10', 4, 0),
(380, 18, 4, '2019-07-11', 33, '10:10', '10:20', 4, 0),
(381, 18, 4, '2019-07-11', 33, '10:20', '10:30', 4, 0),
(382, 18, 4, '2019-07-11', 33, '10:30', '10:40', 2, 0),
(383, 18, 4, '2019-07-11', 33, '10:40', '10:50', 3, 0),
(384, 18, 4, '2019-07-11', 33, '10:50', '11:00', 4, 0),
(385, 18, 4, '2019-07-11', 33, '11:00', '11:10', 4, 0),
(386, 18, 4, '2019-07-11', 33, '11:10', '11:20', 4, 0),
(387, 18, 4, '2019-07-11', 33, '11:20', '11:30', 4, 0),
(388, 18, 4, '2019-07-11', 33, '12:30', '12:40', 4, 0),
(389, 18, 4, '2019-07-11', 33, '12:40', '12:50', 4, 0),
(390, 18, 4, '2019-07-11', 33, '12:50', '13:00', 4, 0),
(391, 18, 4, '2019-07-11', 33, '13:00', '13:10', 4, 0),
(392, 18, 4, '2019-07-11', 33, '13:10', '13:20', 4, 0),
(393, 18, 4, '2019-07-11', 33, '13:20', '13:30', 4, 0),
(394, 18, 4, '2019-07-11', 33, '13:30', '13:40', 4, 0),
(395, 18, 4, '2019-07-11', 33, '13:40', '13:50', 4, 0),
(396, 18, 4, '2019-07-11', 33, '13:50', '14:00', 4, 0),
(397, 18, 4, '2019-07-11', 33, '14:00', '14:10', 4, 0),
(398, 18, 4, '2019-07-11', 33, '14:10', '14:20', 4, 0),
(399, 18, 4, '2019-07-11', 33, '14:20', '14:30', 4, 0),
(400, 18, 4, '2019-07-11', 33, '18:30', '18:40', 4, 0),
(401, 18, 4, '2019-07-11', 33, '18:40', '18:50', 4, 0),
(402, 18, 4, '2019-07-11', 33, '18:50', '19:00', 4, 0),
(403, 18, 4, '2019-07-11', 33, '19:00', '19:10', 4, 0),
(404, 18, 4, '2019-07-11', 33, '19:10', '19:20', 4, 0),
(405, 18, 4, '2019-07-11', 33, '19:20', '19:30', 4, 0),
(406, 18, 4, '2019-07-11', 33, '19:30', '19:40', 4, 0),
(407, 18, 4, '2019-07-11', 33, '19:40', '19:50', 4, 0),
(408, 18, 4, '2019-07-11', 33, '19:50', '20:00', 4, 0),
(409, 18, 4, '2019-07-11', 33, '20:00', '20:10', 4, 0),
(410, 18, 4, '2019-07-11', 33, '20:10', '20:20', 4, 0),
(411, 18, 4, '2019-07-11', 33, '20:20', '20:30', 4, 0),
(412, 18, 4, '2019-07-11', 33, '09:00', '09:10', 3, 0),
(413, 18, 4, '2019-07-11', 33, '09:10', '09:20', 3, 0),
(414, 18, 4, '2019-07-11', 33, '09:20', '09:30', 3, 0),
(415, 18, 4, '2019-07-11', 33, '09:30', '09:40', 4, 0),
(416, 18, 4, '2019-07-11', 33, '09:40', '09:50', 4, 0),
(417, 18, 4, '2019-07-11', 33, '09:50', '10:00', 4, 0),
(418, 18, 4, '2019-07-11', 33, '10:00', '10:10', 3, 0),
(419, 18, 4, '2019-07-11', 33, '10:10', '10:20', 4, 0),
(420, 18, 4, '2019-07-11', 33, '10:20', '10:30', 4, 0),
(421, 18, 4, '2019-07-11', 33, '10:30', '10:40', 2, 0),
(422, 18, 4, '2019-07-11', 33, '10:40', '10:50', 3, 0),
(423, 18, 4, '2019-07-11', 33, '10:50', '11:00', 4, 0),
(424, 18, 4, '2019-07-11', 33, '11:00', '11:10', 4, 0),
(425, 18, 4, '2019-07-11', 33, '11:10', '11:20', 4, 0),
(426, 18, 4, '2019-07-11', 33, '11:20', '11:30', 4, 0),
(427, 18, 4, '2019-07-11', 33, '12:30', '12:40', 4, 0),
(428, 18, 4, '2019-07-11', 33, '12:40', '12:50', 4, 0),
(429, 18, 4, '2019-07-11', 33, '12:50', '13:00', 4, 0),
(430, 18, 4, '2019-07-11', 33, '13:00', '13:10', 4, 0),
(431, 18, 4, '2019-07-11', 33, '13:10', '13:20', 4, 0),
(432, 18, 4, '2019-07-11', 33, '13:20', '13:30', 4, 0),
(433, 18, 4, '2019-07-11', 33, '13:30', '13:40', 4, 0),
(434, 18, 4, '2019-07-11', 33, '13:40', '13:50', 4, 0),
(435, 18, 4, '2019-07-11', 33, '13:50', '14:00', 4, 0),
(436, 18, 4, '2019-07-11', 33, '14:00', '14:10', 4, 0),
(437, 18, 4, '2019-07-11', 33, '14:10', '14:20', 4, 0),
(438, 18, 4, '2019-07-11', 33, '14:20', '14:30', 4, 0),
(439, 18, 4, '2019-07-11', 33, '18:30', '18:40', 4, 0),
(440, 18, 4, '2019-07-11', 33, '18:40', '18:50', 4, 0),
(441, 18, 4, '2019-07-11', 33, '18:50', '19:00', 4, 0),
(442, 18, 4, '2019-07-11', 33, '19:00', '19:10', 4, 0),
(443, 18, 4, '2019-07-11', 33, '19:10', '19:20', 4, 0),
(444, 18, 4, '2019-07-11', 33, '19:20', '19:30', 4, 0),
(445, 18, 4, '2019-07-11', 33, '19:30', '19:40', 4, 0),
(446, 18, 4, '2019-07-11', 33, '19:40', '19:50', 4, 0),
(447, 18, 4, '2019-07-11', 33, '19:50', '20:00', 4, 0),
(448, 18, 4, '2019-07-11', 33, '20:00', '20:10', 4, 0),
(449, 18, 4, '2019-07-11', 33, '20:10', '20:20', 4, 0),
(450, 18, 4, '2019-07-11', 33, '20:20', '20:30', 4, 0),
(451, 18, 4, '2019-08-15', 33, '09:00', '09:10', 3, 0),
(452, 18, 4, '2019-08-15', 33, '09:10', '09:20', 3, 0),
(453, 18, 4, '2019-08-15', 33, '09:20', '09:30', 3, 0),
(454, 18, 4, '2019-08-15', 33, '09:30', '09:40', 3, 0),
(455, 18, 4, '2019-08-15', 33, '09:40', '09:50', 3, 0),
(456, 18, 4, '2019-08-15', 33, '09:50', '10:00', 3, 0),
(457, 18, 4, '2019-08-15', 33, '10:00', '10:10', 3, 0),
(458, 18, 4, '2019-08-15', 33, '10:10', '10:20', 3, 0),
(459, 18, 4, '2019-08-15', 33, '10:20', '10:30', 3, 0),
(460, 18, 4, '2019-08-15', 33, '10:30', '10:40', 3, 0),
(461, 18, 4, '2019-08-15', 33, '10:40', '10:50', 3, 0),
(462, 18, 4, '2019-08-15', 33, '10:50', '11:00', 3, 0),
(463, 18, 4, '2019-08-15', 33, '11:00', '11:10', 3, 0),
(464, 18, 4, '2019-08-15', 33, '11:10', '11:20', 3, 0),
(465, 18, 4, '2019-08-15', 33, '11:20', '11:30', 3, 0),
(466, 18, 4, '2019-08-15', 33, '12:30', '12:40', 3, 0),
(467, 18, 4, '2019-08-15', 33, '12:40', '12:50', 3, 0),
(468, 18, 4, '2019-08-15', 33, '12:50', '13:00', 3, 0),
(469, 18, 4, '2019-08-15', 33, '13:00', '13:10', 3, 0),
(470, 18, 4, '2019-08-15', 33, '13:10', '13:20', 3, 0),
(471, 18, 4, '2019-08-15', 33, '13:20', '13:30', 4, 0),
(472, 18, 4, '2019-08-15', 33, '13:30', '13:40', 4, 0),
(473, 18, 4, '2019-08-15', 33, '13:40', '13:50', 4, 0),
(474, 18, 4, '2019-08-15', 33, '13:50', '14:00', 4, 0),
(475, 18, 4, '2019-08-15', 33, '14:00', '14:10', 4, 0),
(476, 18, 4, '2019-08-15', 33, '14:10', '14:20', 4, 0),
(477, 18, 4, '2019-08-15', 33, '14:20', '14:30', 4, 0),
(478, 18, 4, '2019-08-15', 33, '18:30', '18:40', 4, 0),
(479, 18, 4, '2019-08-15', 33, '18:40', '18:50', 4, 0),
(480, 18, 4, '2019-08-15', 33, '18:50', '19:00', 4, 0),
(481, 18, 4, '2019-08-15', 33, '19:00', '19:10', 4, 0),
(482, 18, 4, '2019-08-15', 33, '19:10', '19:20', 4, 0),
(483, 18, 4, '2019-08-15', 33, '19:20', '19:30', 4, 0),
(484, 18, 4, '2019-08-15', 33, '19:30', '19:40', 4, 0),
(485, 18, 4, '2019-08-15', 33, '19:40', '19:50', 4, 0),
(486, 18, 4, '2019-08-15', 33, '19:50', '20:00', 4, 0),
(487, 18, 4, '2019-08-15', 33, '20:00', '20:10', 4, 0),
(488, 18, 4, '2019-08-15', 33, '20:10', '20:20', 4, 0),
(489, 18, 4, '2019-08-15', 33, '20:20', '20:30', 4, 0),
(490, 18, 4, '2019-08-15', 33, '09:00', '09:10', 3, 0),
(491, 18, 4, '2019-08-15', 33, '09:10', '09:20', 3, 0),
(492, 18, 4, '2019-08-15', 33, '09:20', '09:30', 3, 0),
(493, 18, 4, '2019-08-15', 33, '09:30', '09:40', 3, 0),
(494, 18, 4, '2019-08-15', 33, '09:40', '09:50', 3, 0),
(495, 18, 4, '2019-08-15', 33, '09:50', '10:00', 3, 0),
(496, 18, 4, '2019-08-15', 33, '10:00', '10:10', 3, 0),
(497, 18, 4, '2019-08-15', 33, '10:10', '10:20', 3, 0),
(498, 18, 4, '2019-08-15', 33, '10:20', '10:30', 3, 0),
(499, 18, 4, '2019-08-15', 33, '10:30', '10:40', 3, 0),
(500, 18, 4, '2019-08-15', 33, '10:40', '10:50', 3, 0),
(501, 18, 4, '2019-08-15', 33, '10:50', '11:00', 3, 0),
(502, 18, 4, '2019-08-15', 33, '11:00', '11:10', 3, 0),
(503, 18, 4, '2019-08-15', 33, '11:10', '11:20', 3, 0),
(504, 18, 4, '2019-08-15', 33, '11:20', '11:30', 3, 0),
(505, 18, 4, '2019-08-15', 33, '12:30', '12:40', 3, 0),
(506, 18, 4, '2019-08-15', 33, '12:40', '12:50', 3, 0),
(507, 18, 4, '2019-08-15', 33, '12:50', '13:00', 3, 0),
(508, 18, 4, '2019-08-15', 33, '13:00', '13:10', 3, 0),
(509, 18, 4, '2019-08-15', 33, '13:10', '13:20', 3, 0),
(510, 18, 4, '2019-08-15', 33, '13:20', '13:30', 4, 0),
(511, 18, 4, '2019-08-15', 33, '13:30', '13:40', 4, 0),
(512, 18, 4, '2019-08-15', 33, '13:40', '13:50', 4, 0),
(513, 18, 4, '2019-08-15', 33, '13:50', '14:00', 4, 0),
(514, 18, 4, '2019-08-15', 33, '14:00', '14:10', 4, 0),
(515, 18, 4, '2019-08-15', 33, '14:10', '14:20', 4, 0),
(516, 18, 4, '2019-08-15', 33, '14:20', '14:30', 4, 0),
(517, 18, 4, '2019-08-15', 33, '18:30', '18:40', 4, 0),
(518, 18, 4, '2019-08-15', 33, '18:40', '18:50', 4, 0),
(519, 18, 4, '2019-08-15', 33, '18:50', '19:00', 4, 0),
(520, 18, 4, '2019-08-15', 33, '19:00', '19:10', 4, 0),
(521, 18, 4, '2019-08-15', 33, '19:10', '19:20', 4, 0),
(522, 18, 4, '2019-08-15', 33, '19:20', '19:30', 4, 0),
(523, 18, 4, '2019-08-15', 33, '19:30', '19:40', 4, 0),
(524, 18, 4, '2019-08-15', 33, '19:40', '19:50', 1, 0),
(525, 18, 4, '2019-08-15', 33, '19:50', '20:00', 1, 0),
(526, 18, 4, '2019-08-15', 33, '20:00', '20:10', 2, 0),
(527, 18, 4, '2019-08-15', 33, '20:10', '20:20', 2, 0),
(528, 18, 4, '2019-08-15', 33, '20:20', '20:30', 1, 0),
(529, 18, 4, '2019-09-12', 33, '09:00', '09:10', 2, 0),
(530, 18, 4, '2019-09-12', 33, '09:10', '09:20', 2, 0),
(531, 18, 4, '2019-09-12', 33, '09:20', '09:30', 2, 0),
(532, 18, 4, '2019-09-12', 33, '09:30', '09:40', 2, 0),
(533, 18, 4, '2019-09-12', 33, '09:40', '09:50', 2, 0),
(534, 18, 4, '2019-09-12', 33, '09:50', '10:00', 2, 0),
(535, 18, 4, '2019-09-12', 33, '10:00', '10:10', 2, 0),
(536, 18, 4, '2019-09-12', 33, '10:10', '10:20', 2, 0),
(537, 18, 4, '2019-09-12', 33, '10:20', '10:30', 2, 0),
(538, 18, 4, '2019-09-12', 33, '10:30', '10:40', 2, 0),
(539, 18, 4, '2019-09-12', 33, '10:40', '10:50', 2, 0),
(540, 18, 4, '2019-09-12', 33, '10:50', '11:00', 2, 0),
(541, 18, 4, '2019-09-12', 33, '11:00', '11:10', 2, 0),
(542, 18, 4, '2019-09-12', 33, '11:10', '11:20', 2, 0),
(543, 18, 4, '2019-09-12', 33, '11:20', '11:30', 2, 0),
(544, 18, 4, '2019-09-12', 33, '12:30', '12:40', 2, 0),
(545, 18, 4, '2019-09-12', 33, '12:40', '12:50', 2, 0),
(546, 18, 4, '2019-09-12', 33, '12:50', '13:00', 2, 0),
(547, 18, 4, '2019-09-12', 33, '13:00', '13:10', 2, 0),
(548, 18, 4, '2019-09-12', 33, '13:10', '13:20', 2, 0),
(549, 18, 4, '2019-09-12', 33, '13:20', '13:30', 2, 0),
(550, 18, 4, '2019-09-12', 33, '13:30', '13:40', 2, 0),
(551, 18, 4, '2019-09-12', 33, '13:40', '13:50', 2, 0),
(552, 18, 4, '2019-09-12', 33, '13:50', '14:00', 2, 0),
(553, 18, 4, '2019-09-12', 33, '14:00', '14:10', 2, 0),
(554, 18, 4, '2019-09-12', 33, '14:10', '14:20', 2, 0),
(555, 18, 4, '2019-09-12', 33, '14:20', '14:30', 2, 0),
(556, 18, 4, '2019-09-12', 33, '18:30', '18:40', 2, 0),
(557, 18, 4, '2019-09-12', 33, '18:40', '18:50', 2, 0),
(558, 18, 4, '2019-09-12', 33, '18:50', '19:00', 2, 0),
(559, 18, 4, '2019-09-12', 33, '19:00', '19:10', 2, 0),
(560, 18, 4, '2019-09-12', 33, '19:10', '19:20', 2, 0),
(561, 18, 4, '2019-09-12', 33, '19:20', '19:30', 2, 0),
(562, 18, 4, '2019-09-12', 33, '19:30', '19:40', 2, 0),
(563, 18, 4, '2019-09-12', 33, '19:40', '19:50', 2, 0),
(564, 18, 4, '2019-09-12', 33, '19:50', '20:00', 2, 0),
(565, 18, 4, '2019-09-12', 33, '20:00', '20:10', 2, 0),
(566, 18, 4, '2019-09-12', 33, '20:10', '20:20', 2, 0),
(567, 18, 4, '2019-09-12', 33, '20:20', '20:30', 2, 0),
(568, 18, 5, '2019-09-13', 33, '09:00', '09:10', 3, 0),
(569, 18, 5, '2019-09-13', 33, '09:10', '09:20', 3, 0),
(570, 18, 5, '2019-09-13', 33, '09:20', '09:30', 3, 0),
(571, 18, 5, '2019-09-13', 33, '09:30', '09:40', 3, 0),
(572, 18, 5, '2019-09-13', 33, '09:40', '09:50', 3, 0),
(573, 18, 5, '2019-09-13', 33, '09:50', '10:00', 3, 0),
(574, 18, 5, '2019-09-13', 33, '10:00', '10:10', 3, 0),
(575, 18, 5, '2019-09-13', 33, '10:10', '10:20', 3, 0),
(576, 18, 5, '2019-09-13', 33, '10:20', '10:30', 3, 0),
(577, 18, 5, '2019-09-13', 33, '10:30', '10:40', 3, 0),
(578, 18, 5, '2019-09-13', 33, '10:40', '10:50', 3, 0),
(579, 18, 5, '2019-09-13', 33, '10:50', '11:00', 3, 0),
(580, 18, 5, '2019-09-13', 33, '11:00', '11:10', 3, 0),
(581, 18, 5, '2019-09-13', 33, '11:10', '11:20', 3, 0),
(582, 18, 5, '2019-09-13', 33, '11:20', '11:30', 3, 0),
(583, 18, 5, '2019-09-13', 33, '12:30', '12:40', 3, 0),
(584, 18, 5, '2019-09-13', 33, '12:40', '12:50', 3, 0),
(585, 18, 5, '2019-09-13', 33, '12:50', '13:00', 3, 0),
(586, 18, 5, '2019-09-13', 33, '13:00', '13:10', 3, 0),
(587, 18, 5, '2019-09-13', 33, '13:10', '13:20', 3, 0),
(588, 18, 5, '2019-09-13', 33, '13:20', '13:30', 3, 0),
(589, 18, 5, '2019-09-13', 33, '13:30', '13:40', 3, 0),
(590, 18, 5, '2019-09-13', 33, '13:40', '13:50', 3, 0),
(591, 18, 5, '2019-09-13', 33, '13:50', '14:00', 3, 0),
(592, 18, 5, '2019-09-13', 33, '14:00', '14:10', 3, 0),
(593, 18, 5, '2019-09-13', 33, '14:10', '14:20', 3, 0),
(594, 18, 5, '2019-09-13', 33, '14:20', '14:30', 3, 0),
(595, 18, 5, '2019-09-13', 33, '18:30', '18:40', 3, 0),
(596, 18, 5, '2019-09-13', 33, '18:40', '18:50', 3, 0),
(597, 18, 5, '2019-09-13', 33, '18:50', '19:00', 3, 0),
(598, 18, 5, '2019-09-13', 33, '19:00', '19:10', 3, 0),
(599, 18, 5, '2019-09-13', 33, '19:10', '19:20', 3, 0),
(600, 18, 5, '2019-09-13', 33, '19:20', '19:30', 3, 0),
(601, 18, 5, '2019-09-13', 33, '19:30', '19:40', 3, 0),
(602, 18, 5, '2019-09-13', 33, '19:40', '19:50', 3, 0),
(603, 18, 5, '2019-09-13', 33, '19:50', '20:00', 3, 0),
(604, 18, 5, '2019-09-13', 33, '20:00', '20:10', 3, 0),
(605, 18, 5, '2019-09-13', 33, '20:10', '20:20', 3, 0),
(606, 18, 5, '2019-09-13', 33, '20:20', '20:30', 3, 0);

-- --------------------------------------------------------

--
-- Table structure for table `therapyconsult_type`
--

CREATE TABLE `therapyconsult_type` (
  `id` int(11) NOT NULL,
  `docterid` int(11) NOT NULL,
  `consult_type` int(11) NOT NULL,
  `consult_inr` int(11) NOT NULL,
  `consult_usd` int(11) NOT NULL,
  `consult_valid` int(11) NOT NULL,
  `consult_day` varchar(255) NOT NULL,
  `consult_number` varchar(255) NOT NULL,
  `consult_Frsttime` varchar(255) NOT NULL,
  `consult_date` datetime NOT NULL
) ENGINE=InnoDB DEFAULT CHARSET=latin1;

--
-- Dumping data for table `therapyconsult_type`
--

INSERT INTO `therapyconsult_type` (`id`, `docterid`, `consult_type`, `consult_inr`, `consult_usd`, `consult_valid`, `consult_day`, `consult_number`, `consult_Frsttime`, `consult_date`) VALUES
(52, 18, 1, 700, 10, 1, '15', '15', '700', '2019-04-15 11:19:53'),
(53, 18, 2, 600, 8, 1, '30', '', '', '2019-04-15 11:19:53'),
(54, 18, 4, 900, 15, 1, '30', '', '', '2019-04-15 11:19:53');

-- --------------------------------------------------------

--
-- Table structure for table `therapydayslot`
--

CREATE TABLE `therapydayslot` (
  `id` int(11) NOT NULL,
  `docterid` int(11) NOT NULL,
  `clinicname_id` int(11) NOT NULL,
  `clinic_dayid` int(11) NOT NULL,
  `consulation_time_from` varchar(255) NOT NULL,
  `consulation_time_to` varchar(255) NOT NULL,
  `consulation_duration` varchar(255) NOT NULL
) ENGINE=InnoDB DEFAULT CHARSET=latin1;

--
-- Dumping data for table `therapydayslot`
--

INSERT INTO `therapydayslot` (`id`, `docterid`, `clinicname_id`, `clinic_dayid`, `consulation_time_from`, `consulation_time_to`, `consulation_duration`) VALUES
(136, 18, 33, 1, '09:00', '11:30', '30'),
(137, 18, 33, 1, '12:30', '14:30', '30'),
(138, 18, 33, 1, '18:00', '20:00', '30'),
(139, 18, 33, 2, '09:00', '11:30', '30'),
(140, 18, 33, 2, '00:30', '02:30', '30'),
(141, 18, 33, 2, '18:30', '20:30', '30'),
(142, 18, 33, 3, '09:00', '11:30', '30'),
(143, 18, 33, 3, '12:30', '14:30', '30'),
(144, 18, 33, 3, '18:30', '20:30', '30'),
(145, 18, 33, 4, '09:00', '11:30', '30'),
(146, 18, 33, 4, '12:30', '14:30', '30'),
(147, 18, 33, 4, '18:30', '20:30', '30'),
(148, 18, 33, 5, '09:00', '11:30', '30'),
(149, 18, 33, 5, '12:30', '14:30', '30'),
(150, 18, 33, 5, '18:30', '20:30', '30'),
(151, 18, 33, 6, '09:00', '11:30', '30'),
(152, 18, 33, 6, '12:30', '14:30', '30'),
(153, 18, 33, 6, '18:30', '20:30', '30');

-- --------------------------------------------------------

--
-- Table structure for table `therapydayslot_allsub`
--

CREATE TABLE `therapydayslot_allsub` (
  `id` int(11) NOT NULL,
  `slotid` int(11) NOT NULL,
  `slotstartfrom` varchar(255) NOT NULL,
  `slotendto` varchar(255) NOT NULL,
  `docterdayslot_type` int(11) NOT NULL
) ENGINE=InnoDB DEFAULT CHARSET=latin1;

--
-- Dumping data for table `therapydayslot_allsub`
--

INSERT INTO `therapydayslot_allsub` (`id`, `slotid`, `slotstartfrom`, `slotendto`, `docterdayslot_type`) VALUES
(715, 136, '09:00', '09:30', 4),
(716, 136, '09:30', '10:00', 4),
(717, 136, '10:00', '10:30', 4),
(718, 136, '10:30', '11:00', 4),
(719, 136, '11:00', '11:30', 4),
(730, 137, '12:30', '13:00', 4),
(731, 137, '13:00', '13:30', 4),
(732, 137, '13:30', '14:00', 4),
(733, 137, '14:00', '14:30', 4),
(742, 138, '18:00', '18:30', 4),
(743, 138, '18:30', '19:00', 4),
(744, 138, '19:00', '19:30', 4),
(745, 138, '19:30', '20:00', 4),
(754, 139, '09:00', '09:30', 4),
(755, 139, '09:30', '10:00', 4),
(756, 139, '10:00', '10:30', 4),
(757, 139, '10:30', '11:00', 4),
(758, 139, '11:00', '11:30', 4),
(769, 140, '00:30', '01:00', 4),
(770, 140, '01:00', '01:30', 4),
(771, 140, '01:30', '02:00', 4),
(772, 140, '02:00', '02:30', 4),
(781, 141, '18:30', '19:00', 4),
(782, 141, '19:00', '19:30', 4),
(783, 141, '19:30', '20:00', 4),
(784, 141, '20:00', '20:30', 4),
(793, 142, '09:00', '09:30', 4),
(794, 142, '09:30', '10:00', 4),
(795, 142, '10:00', '10:30', 4),
(796, 142, '10:30', '11:00', 4),
(797, 142, '11:00', '11:30', 4),
(808, 143, '12:30', '13:00', 4),
(809, 143, '13:00', '13:30', 4),
(810, 143, '13:30', '14:00', 4),
(811, 143, '14:00', '14:30', 4),
(820, 144, '18:30', '19:00', 4),
(821, 144, '19:00', '19:30', 4),
(822, 144, '19:30', '20:00', 4),
(823, 144, '20:00', '20:30', 4),
(832, 145, '09:00', '09:30', 4),
(833, 145, '09:30', '10:00', 4),
(834, 145, '10:00', '10:30', 4),
(835, 145, '10:30', '11:00', 4),
(836, 145, '11:00', '11:30', 4),
(847, 146, '12:30', '13:00', 4),
(848, 146, '13:00', '13:30', 4),
(849, 146, '13:30', '14:00', 4),
(850, 146, '14:00', '14:30', 4),
(859, 147, '18:30', '19:00', 4),
(860, 147, '19:00', '19:30', 4),
(861, 147, '19:30', '20:00', 4),
(862, 147, '20:00', '20:30', 4),
(871, 148, '09:00', '09:30', 4),
(872, 148, '09:30', '10:00', 4),
(873, 148, '10:00', '10:30', 4),
(874, 148, '10:30', '11:00', 4),
(875, 148, '11:00', '11:30', 4),
(886, 149, '12:30', '13:00', 4),
(887, 149, '13:00', '13:30', 4),
(888, 149, '13:30', '14:00', 4),
(889, 149, '14:00', '14:30', 4),
(898, 150, '18:30', '19:00', 4),
(899, 150, '19:00', '19:30', 4),
(900, 150, '19:30', '20:00', 4),
(901, 150, '20:00', '20:30', 4),
(910, 151, '09:00', '09:30', 4),
(911, 151, '09:30', '10:00', 4),
(912, 151, '10:00', '10:30', 4),
(913, 151, '10:30', '11:00', 4),
(914, 151, '11:00', '11:30', 4),
(925, 152, '12:30', '13:00', 4),
(926, 152, '13:00', '13:30', 4),
(927, 152, '13:30', '14:00', 4),
(928, 152, '14:00', '14:30', 4),
(937, 153, '18:30', '19:00', 4),
(938, 153, '19:00', '19:30', 4),
(939, 153, '19:30', '20:00', 4),
(940, 153, '20:00', '20:30', 4);

-- --------------------------------------------------------

--
-- Table structure for table `therapy_center_info`
--

CREATE TABLE `therapy_center_info` (
  `docID` int(11) NOT NULL,
  `regdoc_id` varchar(255) CHARACTER SET latin1 NOT NULL,
  `doctorname1` varchar(255) CHARACTER SET latin1 NOT NULL,
  `doctorname2` varchar(255) NOT NULL,
  `doctorname3` varchar(255) NOT NULL,
  `doctorname4` varchar(255) NOT NULL,
  `doctorspecialities` varchar(500) NOT NULL,
  `address` text CHARACTER SET latin1 NOT NULL,
  `doctercity` varchar(255) NOT NULL,
  `docterstate` varchar(255) NOT NULL,
  `doctercountry` varchar(255) NOT NULL,
  `zipcode` varchar(255) NOT NULL,
  `qualifaction` varchar(255) CHARACTER SET latin1 NOT NULL,
  `docterexperience` varchar(255) NOT NULL,
  `countryCode` varchar(20) NOT NULL,
  `areaCode` varchar(20) NOT NULL,
  `doctorphone` varchar(255) CHARACTER SET latin1 NOT NULL,
  `doctormobile1` varchar(255) NOT NULL,
  `doctormobile2` varchar(255) NOT NULL,
  `doctorimage` varchar(255) NOT NULL,
  `doctoremail` varchar(255) CHARACTER SET latin1 NOT NULL,
  `drbank_details` text NOT NULL,
  `dusername` varchar(255) CHARACTER SET latin1 NOT NULL,
  `dpassword` varchar(255) CHARACTER SET latin1 NOT NULL
) ENGINE=InnoDB DEFAULT CHARSET=utf8;

--
-- Dumping data for table `therapy_center_info`
--

INSERT INTO `therapy_center_info` (`docID`, `regdoc_id`, `doctorname1`, `doctorname2`, `doctorname3`, `doctorname4`, `doctorspecialities`, `address`, `doctercity`, `docterstate`, `doctercountry`, `zipcode`, `qualifaction`, `docterexperience`, `countryCode`, `areaCode`, `doctorphone`, `doctormobile1`, `doctormobile2`, `doctorimage`, `doctoremail`, `drbank_details`, `dusername`, `dpassword`) VALUES
(18, 'GHdoc_118', 'Mr.', 'Amandeep', '', 'Madan', 'Therapiest', 'New Shiva ji nagar', 'LUDHIANA', 'Punjab', 'India', '141008', 'MD', '5 YEARS', '91', '0161', '253253', '9417293066', '', '1555327043-img_20180826_141201422.jpg', 'amandeep.madaan@outlook.in', '', 'amandeep', 'amandeep1');

--
-- Indexes for dumped tables
--

--
-- Indexes for table `admin`
--
ALTER TABLE `admin`
  ADD PRIMARY KEY (`id`);

--
-- Indexes for table `admin_group`
--
ALTER TABLE `admin_group`
  ADD PRIMARY KEY (`id`);

--
-- Indexes for table `admin_login`
--
ALTER TABLE `admin_login`
  ADD PRIMARY KEY (`id`);

--
-- Indexes for table `backend_links`
--
ALTER TABLE `backend_links`
  ADD PRIMARY KEY (`id`);

--
-- Indexes for table `booked_appointment`
--
ALTER TABLE `booked_appointment`
  ADD PRIMARY KEY (`bid`);

--
-- Indexes for table `customers`
--
ALTER TABLE `customers`
  ADD PRIMARY KEY (`id`);

--
-- Indexes for table `dateslot_detail`
--
ALTER TABLE `dateslot_detail`
  ADD PRIMARY KEY (`id`);

--
-- Indexes for table `therapyconsult_type`
--
ALTER TABLE `therapyconsult_type`
  ADD PRIMARY KEY (`id`);

--
-- Indexes for table `therapydayslot`
--
ALTER TABLE `therapydayslot`
  ADD PRIMARY KEY (`id`);

--
-- Indexes for table `therapydayslot_allsub`
--
ALTER TABLE `therapydayslot_allsub`
  ADD PRIMARY KEY (`id`);

--
-- Indexes for table `therapy_center_info`
--
ALTER TABLE `therapy_center_info`
  ADD PRIMARY KEY (`docID`);

--
-- AUTO_INCREMENT for dumped tables
--

--
-- AUTO_INCREMENT for table `admin`
--
ALTER TABLE `admin`
  MODIFY `id` int(11) NOT NULL AUTO_INCREMENT, AUTO_INCREMENT=8;
--
-- AUTO_INCREMENT for table `admin_group`
--
ALTER TABLE `admin_group`
  MODIFY `id` int(11) NOT NULL AUTO_INCREMENT, AUTO_INCREMENT=3;
--
-- AUTO_INCREMENT for table `admin_login`
--
ALTER TABLE `admin_login`
  MODIFY `id` int(11) NOT NULL AUTO_INCREMENT, AUTO_INCREMENT=13;
--
-- AUTO_INCREMENT for table `backend_links`
--
ALTER TABLE `backend_links`
  MODIFY `id` int(11) NOT NULL AUTO_INCREMENT, AUTO_INCREMENT=27;
--
-- AUTO_INCREMENT for table `booked_appointment`
--
ALTER TABLE `booked_appointment`
  MODIFY `bid` int(11) NOT NULL AUTO_INCREMENT, AUTO_INCREMENT=5;
--
-- AUTO_INCREMENT for table `customers`
--
ALTER TABLE `customers`
  MODIFY `id` int(11) NOT NULL AUTO_INCREMENT, AUTO_INCREMENT=6;
--
-- AUTO_INCREMENT for table `dateslot_detail`
--
ALTER TABLE `dateslot_detail`
  MODIFY `id` int(11) NOT NULL AUTO_INCREMENT, AUTO_INCREMENT=607;
--
-- AUTO_INCREMENT for table `therapyconsult_type`
--
ALTER TABLE `therapyconsult_type`
  MODIFY `id` int(11) NOT NULL AUTO_INCREMENT, AUTO_INCREMENT=55;
--
-- AUTO_INCREMENT for table `therapydayslot`
--
ALTER TABLE `therapydayslot`
  MODIFY `id` int(11) NOT NULL AUTO_INCREMENT, AUTO_INCREMENT=154;
--
-- AUTO_INCREMENT for table `therapydayslot_allsub`
--
ALTER TABLE `therapydayslot_allsub`
  MODIFY `id` int(11) NOT NULL AUTO_INCREMENT, AUTO_INCREMENT=949;
--
-- AUTO_INCREMENT for table `therapy_center_info`
--
ALTER TABLE `therapy_center_info`
  MODIFY `docID` int(11) NOT NULL AUTO_INCREMENT, AUTO_INCREMENT=19;
/*!40101 SET CHARACTER_SET_CLIENT=@OLD_CHARACTER_SET_CLIENT */;
/*!40101 SET CHARACTER_SET_RESULTS=@OLD_CHARACTER_SET_RESULTS */;
/*!40101 SET COLLATION_CONNECTION=@OLD_COLLATION_CONNECTION */;
